r       ,Kf      ,Km      ,      Ky      ,      Kz      ,      PSI     
  0.1000, 20.0000, 20.0000,     20.000000,     20.000000,      0.009069
  0.1000, 20.0000, 30.0000,     29.891589,     29.909310,      0.009069
  0.1000, 20.0000, 40.0000,     39.759381,     39.818620,      0.009069
  0.1000, 20.0000, 50.0000,     49.613626,     49.727930,      0.009069
  0.1000, 20.0000, 70.0000,     69.299614,     69.546550,      0.009069
  0.1000, 20.0000, 90.0000,     88.969282,     89.365170,      0.009069
  0.1000, 20.0000,110.0000,    108.630182,    109.183790,      0.009069
  0.1000, 20.0000,130.0000,    128.285830,    129.002410,      0.009069
  0.1000, 20.0000,150.0000,    147.938085,    148.821030,      0.009069
  0.1000, 20.0000,170.0000,    167.588019,    168.639650,      0.009069
  0.1000, 30.0000, 20.0000,     20.072539,     20.090690,      0.009069
  0.1000, 30.0000, 30.0000,     30.000000,     30.000000,      0.009069
  0.1000, 30.0000, 40.0000,     39.896698,     39.909310,      0.009069
  0.1000, 30.0000, 50.0000,     49.774248,     49.818620,      0.009069
  0.1000, 30.0000, 70.0000,     69.495007,     69.637240,      0.009069
  0.1000, 30.0000, 90.0000,     89.189144,     89.455860,      0.009069
  0.1000, 30.0000,110.0000,    108.868112,    109.274480,      0.009069
  0.1000, 30.0000,130.0000,    128.537619,    129.093100,      0.009069
  0.1000, 30.0000,150.0000,    148.200829,    148.911720,      0.009069
  0.1000, 30.0000,170.0000,    167.859636,    168.730340,      0.009069
  0.1000, 40.0000, 20.0000,     20.121046,     20.181380,      0.009069
  0.1000, 40.0000, 30.0000,     30.077680,     30.090690,      0.009069
  0.1000, 40.0000, 40.0000,     40.000001,     40.000000,      0.009069
  0.1000, 40.0000, 50.0000,     49.899538,     49.909310,      0.009069
  0.1000, 40.0000, 70.0000,     69.655286,     69.727930,      0.009069
  0.1000, 40.0000, 90.0000,     89.375608,     89.546550,      0.009069
  0.1000, 40.0000,110.0000,    109.074742,    109.365170,      0.009069
  0.1000, 40.0000,130.0000,    128.760199,    129.183790,      0.009069
  0.1000, 40.0000,150.0000,    148.436314,    149.002410,      0.009069
  0.1000, 40.0000,170.0000,    168.105766,    168.821030,      0.009069
  0.1000, 50.0000, 20.0000,     20.155767,     20.272070,      0.009069
  0.1000, 50.0000, 30.0000,     30.136073,     30.181380,      0.009069
  0.1000, 50.0000, 40.0000,     40.080533,     40.090690,      0.009069
  0.1000, 50.0000, 50.0000,     50.000002,     50.000000,      0.009069
  0.1000, 50.0000, 70.0000,     69.789137,     69.818620,      0.009069
  0.1000, 50.0000, 90.0000,     89.535747,     89.637240,      0.009069
  0.1000, 50.0000,110.0000,    109.255867,    109.455860,      0.009069
  0.1000, 50.0000,130.0000,    128.958373,    129.274480,      0.009069
  0.1000, 50.0000,150.0000,    148.648572,    149.093100,      0.009069
  0.1000, 50.0000,170.0000,    168.329836,    168.911720,      0.009069
  0.1000, 70.0000, 20.0000,     20.202156,     20.453450,      0.009069
  0.1000, 70.0000, 30.0000,     30.218017,     30.362760,      0.009069
  0.1000, 70.0000, 40.0000,     40.197965,     40.272070,      0.009069
  0.1000, 70.0000, 50.0000,     50.151076,     50.181380,      0.009069
  0.1000, 70.0000, 70.0000,     70.000000,     70.000000,      0.009069
  0.1000, 70.0000, 90.0000,     89.796591,     89.818620,      0.009069
  0.1000, 70.0000,110.0000,    109.558417,    109.637240,      0.009069
  0.1000, 70.0000,130.0000,    129.295975,    129.455860,      0.009069
  0.1000, 70.0000,150.0000,    149.015921,    149.274480,      0.009069
  0.1000, 70.0000,170.0000,    168.722682,    169.093100,      0.009069
  0.1000, 90.0000, 20.0000,     20.231733,     20.634830,      0.009069
  0.1000, 90.0000, 30.0000,     30.272771,     30.544140,      0.009069
  0.1000, 90.0000, 40.0000,     40.279469,     40.453450,      0.009069
  0.1000, 90.0000, 50.0000,     50.259271,     50.362760,      0.009069
  0.1000, 90.0000, 70.0000,     70.158570,     70.181380,      0.009069
  0.1000, 90.0000, 90.0000,     89.999999,     90.000000,      0.009069
  0.1000, 90.0000,110.0000,    109.801065,    109.818620,      0.009069
  0.1000, 90.0000,130.0000,    129.572857,    129.637240,      0.009069
  0.1000, 90.0000,150.0000,    149.322743,    149.455860,      0.009069
  0.1000, 90.0000,170.0000,    169.055811,    169.274480,      0.009069
  0.1000,110.0000, 20.0000,     20.252235,     20.816210,      0.009069
  0.1000,110.0000, 30.0000,     30.311944,     30.725520,      0.009069
  0.1000,110.0000, 40.0000,     40.339345,     40.634830,      0.009069
  0.1000,110.0000, 50.0000,     50.340573,     50.544140,      0.009069
  0.1000,110.0000, 70.0000,     70.282153,     70.362760,      0.009069
  0.1000,110.0000, 90.0000,     90.163063,     90.181380,      0.009069
  0.1000,110.0000,110.0000,    110.000001,    110.000000,      0.009069
  0.1000,110.0000,130.0000,    129.804050,    129.818620,      0.009069
  0.1000,110.0000,150.0000,    149.582860,    149.637240,      0.009069
  0.1000,110.0000,170.0000,    169.341879,    169.455860,      0.009069
  0.1000,130.0000, 20.0000,     20.267284,     20.997590,      0.009069
  0.1000,130.0000, 30.0000,     30.341357,     30.906900,      0.009069
  0.1000,130.0000, 40.0000,     40.385193,     40.816210,      0.009069
  0.1000,130.0000, 50.0000,     50.403899,     50.725520,      0.009069
  0.1000,130.0000, 70.0000,     70.381179,     70.544140,      0.009069
  0.1000,130.0000, 90.0000,     90.296701,     90.362760,      0.009069
  0.1000,130.0000,110.0000,    110.166057,    110.181380,      0.009069
  0.1000,130.0000,130.0000,    130.000004,    130.000000,      0.009069
  0.1000,130.0000,150.0000,    149.806182,    149.818620,      0.009069
  0.1000,130.0000,170.0000,    169.590199,    169.637240,      0.009069
  0.1000,150.0000, 20.0000,     20.278799,     21.178970,      0.009069
  0.1000,150.0000, 30.0000,     30.364254,     31.088280,      0.009069
  0.1000,150.0000, 40.0000,     40.421427,     40.997590,      0.009069
  0.1000,150.0000, 50.0000,     50.454619,     50.906900,      0.009069
  0.1000,150.0000, 70.0000,     70.462305,     70.725520,      0.009069
  0.1000,150.0000, 90.0000,     90.408218,     90.544140,      0.009069
  0.1000,150.0000,110.0000,    110.306765,    110.362760,      0.009069
  0.1000,150.0000,130.0000,    130.168195,    130.181380,      0.009069
  0.1000,150.0000,150.0000,    149.999998,    150.000000,      0.009069
  0.1000,150.0000,170.0000,    169.807781,    169.818620,      0.009069
  0.1000,170.0000, 20.0000,     20.287894,     21.360350,      0.009069
  0.1000,170.0000, 30.0000,     30.382584,     31.269660,      0.009069
  0.1000,170.0000, 40.0000,     40.450783,     41.178970,      0.009069
  0.1000,170.0000, 50.0000,     50.496156,     51.088280,      0.009069
  0.1000,170.0000, 70.0000,     70.529983,     70.906900,      0.009069
  0.1000,170.0000, 90.0000,     90.502689,     90.725520,      0.009069
  0.1000,170.0000,110.0000,    110.427517,    110.544140,      0.009069
  0.1000,170.0000,130.0000,    130.314143,    130.362760,      0.009069
  0.1000,170.0000,150.0000,    150.169799,    150.181380,      0.009069
  0.1000,170.0000,170.0000,    169.999992,    170.000000,      0.009069
  0.1000, 20.0000, 20.0000,     20.000000,     20.000000,      0.009069
  0.1000, 20.0000, 30.0000,     29.891589,     29.909310,      0.009069
  0.1000, 20.0000, 40.0000,     39.759381,     39.818620,      0.009069
  0.1000, 20.0000, 50.0000,     49.613626,     49.727930,      0.009069
  0.1000, 20.0000, 70.0000,     69.299614,     69.546550,      0.009069
  0.1000, 20.0000, 90.0000,     88.969282,     89.365170,      0.009069
  0.1000, 20.0000,110.0000,    108.630182,    109.183790,      0.009069
  0.1000, 20.0000,130.0000,    128.285830,    129.002410,      0.009069
  0.1000, 20.0000,150.0000,    147.938085,    148.821030,      0.009069
  0.1000, 20.0000,170.0000,    167.588019,    168.639650,      0.009069
  0.1000, 30.0000, 20.0000,     20.072539,     20.090690,      0.009069
  0.1000, 30.0000, 30.0000,     30.000000,     30.000000,      0.009069
  0.1000, 30.0000, 40.0000,     39.896698,     39.909310,      0.009069
  0.1000, 30.0000, 50.0000,     49.774248,     49.818620,      0.009069
  0.1000, 30.0000, 70.0000,     69.495007,     69.637240,      0.009069
  0.1000, 30.0000, 90.0000,     89.189144,     89.455860,      0.009069
  0.1000, 30.0000,110.0000,    108.868112,    109.274480,      0.009069
  0.1000, 30.0000,130.0000,    128.537619,    129.093100,      0.009069
  0.1000, 30.0000,150.0000,    148.200829,    148.911720,      0.009069
  0.1000, 30.0000,170.0000,    167.859636,    168.730340,      0.009069
  0.1000, 40.0000, 20.0000,     20.121046,     20.181380,      0.009069
  0.1000, 40.0000, 30.0000,     30.077680,     30.090690,      0.009069
  0.1000, 40.0000, 40.0000,     40.000001,     40.000000,      0.009069
  0.1000, 40.0000, 50.0000,     49.899538,     49.909310,      0.009069
  0.1000, 40.0000, 70.0000,     69.655286,     69.727930,      0.009069
  0.1000, 40.0000, 90.0000,     89.375608,     89.546550,      0.009069
  0.1000, 40.0000,110.0000,    109.074742,    109.365170,      0.009069
  0.1000, 40.0000,130.0000,    128.760199,    129.183790,      0.009069
  0.1000, 40.0000,150.0000,    148.436314,    149.002410,      0.009069
  0.1000, 40.0000,170.0000,    168.105766,    168.821030,      0.009069
  0.1000, 50.0000, 20.0000,     20.155767,     20.272070,      0.009069
  0.1000, 50.0000, 30.0000,     30.136073,     30.181380,      0.009069
  0.1000, 50.0000, 40.0000,     40.080533,     40.090690,      0.009069
  0.1000, 50.0000, 50.0000,     50.000002,     50.000000,      0.009069
  0.1000, 50.0000, 70.0000,     69.789137,     69.818620,      0.009069
  0.1000, 50.0000, 90.0000,     89.535747,     89.637240,      0.009069
  0.1000, 50.0000,110.0000,    109.255867,    109.455860,      0.009069
  0.1000, 50.0000,130.0000,    128.958373,    129.274480,      0.009069
  0.1000, 50.0000,150.0000,    148.648572,    149.093100,      0.009069
  0.1000, 50.0000,170.0000,    168.329836,    168.911720,      0.009069
  0.1000, 70.0000, 20.0000,     20.202156,     20.453450,      0.009069
  0.1000, 70.0000, 30.0000,     30.218017,     30.362760,      0.009069
  0.1000, 70.0000, 40.0000,     40.197965,     40.272070,      0.009069
  0.1000, 70.0000, 50.0000,     50.151076,     50.181380,      0.009069
  0.1000, 70.0000, 70.0000,     70.000000,     70.000000,      0.009069
  0.1000, 70.0000, 90.0000,     89.796591,     89.818620,      0.009069
  0.1000, 70.0000,110.0000,    109.558417,    109.637240,      0.009069
  0.1000, 70.0000,130.0000,    129.295975,    129.455860,      0.009069
  0.1000, 70.0000,150.0000,    149.015921,    149.274480,      0.009069
  0.1000, 70.0000,170.0000,    168.722682,    169.093100,      0.009069
  0.1000, 90.0000, 20.0000,     20.231733,     20.634830,      0.009069
  0.1000, 90.0000, 30.0000,     30.272771,     30.544140,      0.009069
  0.1000, 90.0000, 40.0000,     40.279469,     40.453450,      0.009069
  0.1000, 90.0000, 50.0000,     50.259271,     50.362760,      0.009069
  0.1000, 90.0000, 70.0000,     70.158570,     70.181380,      0.009069
  0.1000, 90.0000, 90.0000,     89.999999,     90.000000,      0.009069
  0.1000, 90.0000,110.0000,    109.801065,    109.818620,      0.009069
  0.1000, 90.0000,130.0000,    129.572857,    129.637240,      0.009069
  0.1000, 90.0000,150.0000,    149.322743,    149.455860,      0.009069
  0.1000, 90.0000,170.0000,    169.055811,    169.274480,      0.009069
  0.1000,110.0000, 20.0000,     20.252235,     20.816210,      0.009069
  0.1000,110.0000, 30.0000,     30.311944,     30.725520,      0.009069
  0.1000,110.0000, 40.0000,     40.339345,     40.634830,      0.009069
  0.1000,110.0000, 50.0000,     50.340573,     50.544140,      0.009069
  0.1000,110.0000, 70.0000,     70.282153,     70.362760,      0.009069
  0.1000,110.0000, 90.0000,     90.163063,     90.181380,      0.009069
  0.1000,110.0000,110.0000,    110.000001,    110.000000,      0.009069
  0.1000,110.0000,130.0000,    129.804050,    129.818620,      0.009069
  0.1000,110.0000,150.0000,    149.582860,    149.637240,      0.009069
  0.1000,110.0000,170.0000,    169.341879,    169.455860,      0.009069
  0.1000,130.0000, 20.0000,     20.267284,     20.997590,      0.009069
  0.1000,130.0000, 30.0000,     30.341357,     30.906900,      0.009069
  0.1000,130.0000, 40.0000,     40.385193,     40.816210,      0.009069
  0.1000,130.0000, 50.0000,     50.403899,     50.725520,      0.009069
  0.1000,130.0000, 70.0000,     70.381179,     70.544140,      0.009069
  0.1000,130.0000, 90.0000,     90.296701,     90.362760,      0.009069
  0.1000,130.0000,110.0000,    110.166057,    110.181380,      0.009069
  0.1000,130.0000,130.0000,    130.000004,    130.000000,      0.009069
  0.1000,130.0000,150.0000,    149.806182,    149.818620,      0.009069
  0.1000,130.0000,170.0000,    169.590199,    169.637240,      0.009069
  0.1000,150.0000, 20.0000,     20.278799,     21.178970,      0.009069
  0.1000,150.0000, 30.0000,     30.364254,     31.088280,      0.009069
  0.1000,150.0000, 40.0000,     40.421427,     40.997590,      0.009069
  0.1000,150.0000, 50.0000,     50.454619,     50.906900,      0.009069
  0.1000,150.0000, 70.0000,     70.462305,     70.725520,      0.009069
  0.1000,150.0000, 90.0000,     90.408218,     90.544140,      0.009069
  0.1000,150.0000,110.0000,    110.306765,    110.362760,      0.009069
  0.1000,150.0000,130.0000,    130.168195,    130.181380,      0.009069
  0.1000,150.0000,150.0000,    149.999998,    150.000000,      0.009069
  0.1000,150.0000,170.0000,    169.807781,    169.818620,      0.009069
  0.1000,170.0000, 20.0000,     20.287894,     21.360350,      0.009069
  0.1000,170.0000, 30.0000,     30.382584,     31.269660,      0.009069
  0.1000,170.0000, 40.0000,     40.450783,     41.178970,      0.009069
  0.1000,170.0000, 50.0000,     50.496156,     51.088280,      0.009069
  0.1000,170.0000, 70.0000,     70.529983,     70.906900,      0.009069
  0.1000,170.0000, 90.0000,     90.502689,     90.725520,      0.009069
  0.1000,170.0000,110.0000,    110.427517,    110.544140,      0.009069
  0.1000,170.0000,130.0000,    130.314143,    130.362760,      0.009069
  0.1000,170.0000,150.0000,    150.169799,    150.181380,      0.009069
  0.1000,170.0000,170.0000,    169.999992,    170.000000,      0.009069
  0.2000, 20.0000, 20.0000,     19.999997,     20.000000,      0.036276
  0.2000, 20.0000, 30.0000,     29.568712,     29.637240,      0.036276
  0.2000, 20.0000, 40.0000,     39.045931,     39.274480,      0.036276
  0.2000, 20.0000, 50.0000,     48.471623,     48.911720,      0.036276
  0.2000, 20.0000, 70.0000,     67.238161,     68.186201,      0.036276
  0.2000, 20.0000, 90.0000,     85.943619,     87.460681,      0.036276
  0.2000, 20.0000,110.0000,    104.616479,    106.735161,      0.036276
  0.2000, 20.0000,130.0000,    123.269896,    126.009641,      0.036276
  0.2000, 20.0000,150.0000,    141.910787,    145.284122,      0.036276
  0.2000, 20.0000,170.0000,    160.543135,    164.558602,      0.036276
  0.2000, 30.0000, 20.0000,     20.291502,     20.362760,      0.036276
  0.2000, 30.0000, 30.0000,     29.999996,     30.000000,      0.036276
  0.2000, 30.0000, 40.0000,     39.588445,     39.637240,      0.036276
  0.2000, 30.0000, 50.0000,     49.103017,     49.274480,      0.036276
  0.2000, 30.0000, 70.0000,     68.000985,     68.548961,      0.036276
  0.2000, 30.0000, 90.0000,     86.798157,     87.823441,      0.036276
  0.2000, 30.0000,110.0000,    105.538354,    107.097921,      0.036276
  0.2000, 30.0000,130.0000,    124.243211,    126.372401,      0.036276
  0.2000, 30.0000,150.0000,    142.924640,    145.646882,      0.036276
  0.2000, 30.0000,170.0000,    161.589739,    164.921362,      0.036276
  0.2000, 40.0000, 20.0000,     20.488094,     20.725520,      0.036276
  0.2000, 40.0000, 30.0000,     30.311705,     30.362760,      0.036276
  0.2000, 40.0000, 40.0000,     39.999994,     40.000000,      0.036276
  0.2000, 40.0000, 50.0000,     49.599440,     49.637240,      0.036276
  0.2000, 40.0000, 70.0000,     68.631124,     68.911720,      0.036276
  0.2000, 40.0000, 90.0000,     87.527400,     88.186201,      0.036276
  0.2000, 40.0000,110.0000,    106.343408,    107.460681,      0.036276
  0.2000, 40.0000,130.0000,    125.107926,    126.735161,      0.036276
  0.2000, 40.0000,150.0000,    143.837446,    146.009641,      0.036276
  0.2000, 40.0000,170.0000,    162.542094,    165.284122,      0.036276
  0.2000, 50.0000, 20.0000,     20.629637,     21.088280,      0.036276
  0.2000, 50.0000, 30.0000,     30.547516,     30.725520,      0.036276
  0.2000, 50.0000, 40.0000,     40.322894,     40.362760,      0.036276
  0.2000, 50.0000, 50.0000,     49.999993,     50.000000,      0.036276
  0.2000, 50.0000, 70.0000,     69.160428,     69.274480,      0.036276
  0.2000, 50.0000, 90.0000,     88.157024,     88.548961,      0.036276
  0.2000, 50.0000,110.0000,    107.052524,    107.823441,      0.036276
  0.2000, 50.0000,130.0000,    125.881258,    127.097921,      0.036276
  0.2000, 50.0000,150.0000,    144.663595,    146.372401,      0.036276
  0.2000, 50.0000,170.0000,    163.412382,    165.646882,      0.036276
  0.2000, 70.0000, 20.0000,     20.819834,     21.813799,      0.036276
  0.2000, 70.0000, 30.0000,     30.880613,     31.451039,      0.036276
  0.2000, 70.0000, 40.0000,     40.797016,     41.088280,      0.036276
  0.2000, 70.0000, 50.0000,     50.606595,     50.725520,      0.036276
  0.2000, 70.0000, 70.0000,     69.999990,     70.000000,      0.036276
  0.2000, 70.0000, 90.0000,     89.189254,     89.274480,      0.036276
  0.2000, 70.0000,110.0000,    108.244236,    108.548961,      0.036276
  0.2000, 70.0000,130.0000,    127.206180,    127.823441,      0.036276
  0.2000, 70.0000,150.0000,    146.101006,    147.097921,      0.036276
  0.2000, 70.0000,170.0000,    164.945826,    166.372401,      0.036276
  0.2000, 90.0000, 20.0000,     20.941753,     22.539319,      0.036276
  0.2000, 90.0000, 30.0000,     31.104622,     32.176559,      0.036276
  0.2000, 90.0000, 40.0000,     41.128385,     41.813799,      0.036276
  0.2000, 90.0000, 50.0000,     51.044183,     51.451039,      0.036276
  0.2000, 90.0000, 70.0000,     70.636005,     70.725520,      0.036276
  0.2000, 90.0000, 90.0000,     89.999987,     90.000000,      0.036276
  0.2000, 90.0000,110.0000,    109.206588,    109.274480,      0.036276
  0.2000, 90.0000,130.0000,    128.299931,    128.548961,      0.036276
  0.2000, 90.0000,150.0000,    147.309052,    147.823441,      0.036276
  0.2000, 90.0000,170.0000,    166.253845,    167.097921,      0.036276
  0.2000,110.0000, 20.0000,     21.026566,     23.264839,      0.036276
  0.2000,110.0000, 30.0000,     31.265591,     32.902079,      0.036276
  0.2000,110.0000, 40.0000,     41.373037,     42.539319,      0.036276
  0.2000,110.0000, 50.0000,     51.374758,     52.176559,      0.036276
  0.2000,110.0000, 70.0000,     71.134494,     71.451039,      0.036276
  0.2000,110.0000, 90.0000,     90.653609,     90.725520,      0.036276
  0.2000,110.0000,110.0000,    109.999984,    110.000000,      0.036276
  0.2000,110.0000,130.0000,    129.218160,    129.274480,      0.036276
  0.2000,110.0000,150.0000,    148.338578,    148.548961,      0.036276
  0.2000,110.0000,170.0000,    167.382746,    167.823441,      0.036276
  0.2000,130.0000, 20.0000,     21.088976,     23.990359,      0.036276
  0.2000,130.0000, 30.0000,     31.386850,     33.627599,      0.036276
  0.2000,130.0000, 40.0000,     41.561074,     43.264839,      0.036276
  0.2000,130.0000, 50.0000,     51.633298,     52.902079,      0.036276
  0.2000,130.0000, 70.0000,     71.535712,     72.176559,      0.036276
  0.2000,130.0000, 90.0000,     91.191757,     91.451039,      0.036276
  0.2000,130.0000,110.0000,    110.665328,    110.725520,      0.036276
  0.2000,130.0000,130.0000,    129.999981,    130.000000,      0.036276
  0.2000,130.0000,150.0000,    149.226433,    149.274480,      0.036276
  0.2000,130.0000,170.0000,    168.366965,    168.548961,      0.036276
  0.2000,150.0000, 20.0000,     21.136823,     24.715878,      0.036276
  0.2000,150.0000, 30.0000,     31.481478,     34.353118,      0.036276
  0.2000,150.0000, 40.0000,     41.710110,     43.990359,      0.036276
  0.2000,150.0000, 50.0000,     51.841036,     53.627599,      0.036276
  0.2000,150.0000, 70.0000,     71.865599,     72.902079,      0.036276
  0.2000,150.0000, 90.0000,     91.642548,     92.176559,      0.036276
  0.2000,150.0000,110.0000,    111.231306,    111.451039,      0.036276
  0.2000,150.0000,130.0000,    130.673689,    130.725520,      0.036276
  0.2000,150.0000,150.0000,    149.999978,    150.000000,      0.036276
  0.2000,150.0000,170.0000,    169.232641,    169.274480,      0.036276
  0.2000,170.0000, 20.0000,     21.174672,     25.441398,      0.036276
  0.2000,170.0000, 30.0000,     31.557381,     35.078638,      0.036276
  0.2000,170.0000, 40.0000,     41.831139,     44.715878,      0.036276
  0.2000,170.0000, 50.0000,     52.011606,     54.353118,      0.036276
  0.2000,170.0000, 70.0000,     72.141624,     73.627599,      0.036276
  0.2000,170.0000, 90.0000,     92.025657,     92.902079,      0.036276
  0.2000,170.0000,110.0000,    111.718632,    112.176559,      0.036276
  0.2000,170.0000,130.0000,    131.260259,    131.451039,      0.036276
  0.2000,170.0000,150.0000,    150.679955,    150.725520,      0.036276
  0.2000,170.0000,170.0000,    169.999975,    170.000000,      0.036276
  0.3000, 20.0000, 20.0000,     20.000000,     20.000000,      0.081621
  0.3000, 20.0000, 30.0000,     29.036577,     29.183790,      0.081621
  0.3000, 20.0000, 40.0000,     37.881742,     38.367581,      0.081621
  0.3000, 20.0000, 50.0000,     46.621227,     47.551371,      0.081621
  0.3000, 20.0000, 70.0000,     63.928950,     65.918951,      0.081621
  0.3000, 20.0000, 90.0000,     81.115061,     84.286532,      0.081621
  0.3000, 20.0000,110.0000,     98.237022,    102.654113,      0.081621
  0.3000, 20.0000,130.0000,    115.321019,    121.021693,      0.081621
  0.3000, 20.0000,150.0000,    132.380695,    139.389274,      0.081621
  0.3000, 20.0000,170.0000,    149.423853,    157.756854,      0.081621
  0.3000, 30.0000, 20.0000,     20.663600,     20.816210,      0.081621
  0.3000, 30.0000, 30.0000,     30.000000,     30.000000,      0.081621
  0.3000, 30.0000, 40.0000,     39.078224,     39.183790,      0.081621
  0.3000, 30.0000, 50.0000,     48.000896,     48.367581,      0.081621
  0.3000, 30.0000, 70.0000,     65.575099,     66.735161,      0.081621
  0.3000, 30.0000, 90.0000,     82.944322,     85.102742,      0.081621
  0.3000, 30.0000,110.0000,    100.199349,    103.470322,      0.081621
  0.3000, 30.0000,130.0000,    117.384250,    121.837903,      0.081621
  0.3000, 30.0000,150.0000,    134.523005,    140.205483,      0.081621
  0.3000, 30.0000,170.0000,    151.629778,    158.573064,      0.081621
  0.3000, 40.0000, 20.0000,     21.118374,     21.632419,      0.081621
  0.3000, 40.0000, 30.0000,     30.707645,     30.816210,      0.081621
  0.3000, 40.0000, 40.0000,     40.000001,     40.000000,      0.081621
  0.3000, 40.0000, 50.0000,     49.101527,     49.183790,      0.081621
  0.3000, 40.0000, 70.0000,     66.952363,     67.551371,      0.081621
  0.3000, 40.0000, 90.0000,     84.522995,     85.918951,      0.081621
  0.3000, 40.0000,110.0000,    101.930205,    104.286532,      0.081621
  0.3000, 40.0000,130.0000,    119.233795,    122.654113,      0.081621
  0.3000, 40.0000,150.0000,    136.467561,    141.021693,      0.081621
  0.3000, 40.0000,170.0000,    153.652043,    159.389274,      0.081621
  0.3000, 50.0000, 20.0000,     21.449492,     22.448629,      0.081621
  0.3000, 50.0000, 30.0000,     31.249434,     31.632419,      0.081621
  0.3000, 50.0000, 40.0000,     40.731935,     40.816210,      0.081621
  0.3000, 50.0000, 50.0000,     50.000002,     50.000000,      0.081621
  0.3000, 50.0000, 70.0000,     68.121648,     68.367581,      0.081621
  0.3000, 50.0000, 90.0000,     85.899272,     86.735161,      0.081621
  0.3000, 50.0000,110.0000,    103.468265,    105.102742,      0.081621
  0.3000, 50.0000,130.0000,    120.901216,    123.470322,      0.081621
  0.3000, 50.0000,150.0000,    138.240536,    141.837903,      0.081621
  0.3000, 50.0000,170.0000,    155.512669,    160.205483,      0.081621
  0.3000, 70.0000, 20.0000,     21.899371,     24.081049,      0.081621
  0.3000, 70.0000, 30.0000,     32.024396,     33.264839,      0.081621
  0.3000, 70.0000, 40.0000,     41.820807,     42.448629,      0.081621
  0.3000, 70.0000, 50.0000,     51.378687,     51.632419,      0.081621
  0.3000, 70.0000, 70.0000,     70.000000,     70.000000,      0.081621
  0.3000, 70.0000, 90.0000,     88.182635,     88.367581,      0.081621
  0.3000, 70.0000,110.0000,    106.081935,    106.735161,      0.081621
  0.3000, 70.0000,130.0000,    123.787641,    125.102742,      0.081621
  0.3000, 70.0000,150.0000,    141.355215,    143.470322,      0.081621
  0.3000, 70.0000,170.0000,    158.820781,    161.837903,      0.081621
  0.3000, 90.0000, 20.0000,     22.190780,     25.713468,      0.081621
  0.3000, 90.0000, 30.0000,     32.552029,     34.897258,      0.081621
  0.3000, 90.0000, 40.0000,     42.592015,     44.081049,      0.081621
  0.3000, 90.0000, 50.0000,     52.386978,     53.264839,      0.081621
  0.3000, 90.0000, 70.0000,     71.442647,     71.632419,      0.081621
  0.3000, 90.0000, 90.0000,     89.999999,     90.000000,      0.081621
  0.3000, 90.0000,110.0000,    108.219424,    108.367581,      0.081621
  0.3000, 90.0000,130.0000,    126.199146,    126.735161,      0.081621
  0.3000, 90.0000,150.0000,    144.002687,    145.102742,      0.081621
  0.3000, 90.0000,170.0000,    161.672945,    163.470322,      0.081621
  0.3000,110.0000, 20.0000,     22.394911,     27.345887,      0.081621
  0.3000,110.0000, 30.0000,     32.934441,     36.529678,      0.081621
  0.3000,110.0000, 40.0000,     43.166875,     45.713468,      0.081621
  0.3000,110.0000, 50.0000,     53.156461,     54.897258,      0.081621
  0.3000,110.0000, 70.0000,     72.585435,     73.264839,      0.081621
  0.3000,110.0000, 90.0000,     91.480813,     91.632419,      0.081621
  0.3000,110.0000,110.0000,    110.000001,    110.000000,      0.081621
  0.3000,110.0000,130.0000,    128.244033,    128.367581,      0.081621
  0.3000,110.0000,150.0000,    146.280739,    146.735161,      0.081621
  0.3000,110.0000,170.0000,    164.157347,    165.102742,      0.081621
  0.3000,130.0000, 20.0000,     22.545867,     28.978307,      0.081621
  0.3000,130.0000, 30.0000,     33.224333,     38.162097,      0.081621
  0.3000,130.0000, 40.0000,     43.611904,     47.345887,      0.081621
  0.3000,130.0000, 50.0000,     53.762994,     56.529678,      0.081621
  0.3000,130.0000, 70.0000,     73.513051,     74.897258,      0.081621
  0.3000,130.0000, 90.0000,     92.710639,     93.264839,      0.081621
  0.3000,130.0000,110.0000,    111.506170,    111.632419,      0.081621
  0.3000,130.0000,130.0000,    130.000004,    130.000000,      0.081621
  0.3000,130.0000,150.0000,    148.261651,    148.367581,      0.081621
  0.3000,130.0000,170.0000,    166.340809,    166.735161,      0.081621
  0.3000,150.0000, 20.0000,     22.662032,     30.610726,      0.081621
  0.3000,150.0000, 30.0000,     33.451659,     39.794517,      0.081621
  0.3000,150.0000, 40.0000,     43.966623,     48.978307,      0.081621
  0.3000,150.0000, 50.0000,     54.253382,     58.162097,      0.081621
  0.3000,150.0000, 70.0000,     74.281039,     76.529678,      0.081621
  0.3000,150.0000, 90.0000,     93.748302,     94.897258,      0.081621
  0.3000,150.0000,110.0000,    112.796828,    113.264839,      0.081621
  0.3000,150.0000,130.0000,    131.524239,    131.632419,      0.081621
  0.3000,150.0000,150.0000,    149.999998,    150.000000,      0.081621
  0.3000,150.0000,170.0000,    168.274888,    168.367581,      0.081621
  0.3000,170.0000, 20.0000,     22.754190,     32.243146,      0.081621
  0.3000,170.0000, 30.0000,     33.634700,     41.426936,      0.081621
  0.3000,170.0000, 40.0000,     44.255988,     50.610726,      0.081621
  0.3000,170.0000, 50.0000,     54.658070,     59.794517,      0.081621
  0.3000,170.0000, 70.0000,     74.927337,     78.162097,      0.081621
  0.3000,170.0000, 90.0000,     94.635579,     96.529678,      0.081621
  0.3000,170.0000,110.0000,    113.915142,    114.897258,      0.081621
  0.3000,170.0000,130.0000,    132.859781,    133.264839,      0.081621
  0.3000,170.0000,150.0000,    151.537768,    151.632419,      0.081621
  0.3000,170.0000,170.0000,    169.999992,    170.000000,      0.081621
  0.4000, 20.0000, 20.0000,     20.000000,     20.000000,      0.145104
  0.4000, 20.0000, 30.0000,     28.308145,     28.548961,      0.145104
  0.4000, 20.0000, 40.0000,     36.309706,     37.097921,      0.145104
  0.4000, 20.0000, 50.0000,     44.146333,     45.646882,      0.145104
  0.4000, 20.0000, 70.0000,     59.557821,     62.744803,      0.145104
  0.4000, 20.0000, 90.0000,     74.786596,     79.842724,      0.145104
  0.4000, 20.0000,110.0000,     89.920409,     96.940645,      0.145104
  0.4000, 20.0000,130.0000,    104.998573,    114.038566,      0.145104
  0.4000, 20.0000,150.0000,    120.041333,    131.136487,      0.145104
  0.4000, 20.0000,170.0000,    135.060175,    148.234408,      0.145104
  0.4000, 30.0000, 20.0000,     21.195325,     21.451039,      0.145104
  0.4000, 30.0000, 30.0000,     30.000000,     30.000000,      0.145104
  0.4000, 30.0000, 40.0000,     38.375621,     38.548961,      0.145104
  0.4000, 30.0000, 50.0000,     46.499980,     47.097921,      0.145104
  0.4000, 30.0000, 70.0000,     62.321238,     64.195842,      0.145104
  0.4000, 30.0000, 90.0000,     77.826090,     81.293763,      0.145104
  0.4000, 30.0000,110.0000,     93.157926,     98.391684,      0.145104
  0.4000, 30.0000,130.0000,    108.384864,    115.489605,      0.145104
  0.4000, 30.0000,150.0000,    123.543412,    132.587526,      0.145104
  0.4000, 30.0000,170.0000,    138.654897,    149.685447,      0.145104
  0.4000, 40.0000, 20.0000,     22.032712,     22.902079,      0.145104
  0.4000, 40.0000, 30.0000,     31.269862,     31.451039,      0.145104
  0.4000, 40.0000, 40.0000,     40.000001,     40.000000,      0.145104
  0.4000, 40.0000, 50.0000,     48.413583,     48.548961,      0.145104
  0.4000, 40.0000, 70.0000,     64.671472,     65.646882,      0.145104
  0.4000, 40.0000, 90.0000,     80.486953,     82.744803,      0.145104
  0.4000, 40.0000,110.0000,     96.049815,     99.842724,      0.145104
  0.4000, 40.0000,130.0000,    111.454871,    116.940645,      0.145104
  0.4000, 40.0000,150.0000,    126.754764,    134.038566,      0.145104
  0.4000, 40.0000,170.0000,    141.981064,    151.136487,      0.145104
  0.4000, 50.0000, 20.0000,     22.651999,     24.353118,      0.145104
  0.4000, 50.0000, 30.0000,     32.258108,     32.902079,      0.145104
  0.4000, 50.0000, 40.0000,     41.310728,     41.451039,      0.145104
  0.4000, 50.0000, 50.0000,     50.000002,     50.000000,      0.145104
  0.4000, 50.0000, 70.0000,     66.694747,     67.097921,      0.145104
  0.4000, 50.0000, 90.0000,     82.835786,     84.195842,      0.145104
  0.4000, 50.0000,110.0000,     98.648618,    101.293763,      0.145104
  0.4000, 50.0000,130.0000,    114.250930,    118.391684,      0.145104
  0.4000, 50.0000,150.0000,    129.710150,    135.489605,      0.145104
  0.4000, 50.0000,170.0000,    145.067688,    152.587526,      0.145104
  0.4000, 70.0000, 20.0000,     23.506675,     27.255197,      0.145104
  0.4000, 70.0000, 30.0000,     33.696457,     35.804158,      0.145104
  0.4000, 70.0000, 40.0000,     43.295799,     44.353118,      0.145104
  0.4000, 70.0000, 50.0000,     52.477918,     52.902079,      0.145104
  0.4000, 70.0000, 70.0000,     70.000000,     70.000000,      0.145104
  0.4000, 70.0000, 90.0000,     86.793865,     87.097921,      0.145104
  0.4000, 70.0000,110.0000,    103.128790,    104.195842,      0.145104
  0.4000, 70.0000,130.0000,    119.155860,    121.293763,      0.145104
  0.4000, 70.0000,150.0000,    134.966399,    138.391684,      0.145104
  0.4000, 70.0000,170.0000,    150.618860,    155.489605,      0.145104
  0.4000, 90.0000, 20.0000,     24.068628,     30.157276,      0.145104
  0.4000, 90.0000, 30.0000,     34.692863,     38.706237,      0.145104
  0.4000, 90.0000, 40.0000,     44.727843,     47.255197,      0.145104
  0.4000, 90.0000, 50.0000,     54.324412,     55.804158,      0.145104
  0.4000, 90.0000, 70.0000,     72.585792,     72.902079,      0.145104
  0.4000, 90.0000, 90.0000,     89.999999,     90.000000,      0.145104
  0.4000, 90.0000,110.0000,    106.853903,    107.097921,      0.145104
  0.4000, 90.0000,130.0000,    123.317986,    124.195842,      0.145104
  0.4000, 90.0000,150.0000,    139.499940,    141.293763,      0.145104
  0.4000, 90.0000,170.0000,    155.471132,    158.391684,      0.145104
  0.4000,110.0000, 20.0000,     24.466254,     33.059355,      0.145104
  0.4000,110.0000, 30.0000,     35.423887,     41.608316,      0.145104
  0.4000,110.0000, 40.0000,     45.809709,     50.157276,      0.145104
  0.4000,110.0000, 50.0000,     55.753557,     58.706237,      0.145104
  0.4000,110.0000, 70.0000,     74.663976,     75.804158,      0.145104
  0.4000,110.0000, 90.0000,     92.649882,     92.902079,      0.145104
  0.4000,110.0000,110.0000,    110.000001,    110.000000,      0.145104
  0.4000,110.0000,130.0000,    126.894167,    127.097921,      0.145104
  0.4000,110.0000,150.0000,    143.450239,    144.195842,      0.145104
  0.4000,110.0000,170.0000,    159.748676,    161.293763,      0.145104
  0.4000,130.0000, 20.0000,     24.762438,     35.961434,      0.145104
  0.4000,130.0000, 30.0000,     35.983091,     44.510395,      0.145104
  0.4000,130.0000, 40.0000,     46.655847,     53.059355,      0.145104
  0.4000,130.0000, 50.0000,     56.892481,     61.608316,      0.145104
  0.4000,130.0000, 70.0000,     76.370663,     78.706237,      0.145104
  0.4000,130.0000, 90.0000,     94.876717,     95.804158,      0.145104
  0.4000,130.0000,110.0000,    112.692347,    112.902079,      0.145104
  0.4000,130.0000,130.0000,    130.000004,    130.000000,      0.145104
  0.4000,130.0000,150.0000,    146.923045,    147.097921,      0.145104
  0.4000,130.0000,170.0000,    163.547894,    164.195842,      0.145104
  0.4000,150.0000, 20.0000,     24.991608,     38.863513,      0.145104
  0.4000,150.0000, 30.0000,     36.424682,     47.412474,      0.145104
  0.4000,150.0000, 40.0000,     47.335732,     55.961434,      0.145104
  0.4000,150.0000, 50.0000,     57.821439,     64.510395,      0.145104
  0.4000,150.0000, 70.0000,     77.797292,     81.608316,      0.145104
  0.4000,150.0000, 90.0000,     96.774324,     98.706237,      0.145104
  0.4000,150.0000,110.0000,    115.022504,    115.804158,      0.145104
  0.4000,150.0000,130.0000,    132.722552,    132.902079,      0.145104
  0.4000,150.0000,150.0000,    149.999998,    150.000000,      0.145104
  0.4000,150.0000,170.0000,    166.944769,    167.097921,      0.145104
  0.4000,170.0000, 20.0000,     25.174196,     41.765592,      0.145104
  0.4000,170.0000, 30.0000,     36.782234,     50.314553,      0.145104
  0.4000,170.0000, 40.0000,     47.893981,     58.863513,      0.145104
  0.4000,170.0000, 50.0000,     58.593594,     67.412474,      0.145104
  0.4000,170.0000, 70.0000,     79.007571,     84.510395,      0.145104
  0.4000,170.0000, 90.0000,     98.410689,    101.608316,      0.145104
  0.4000,170.0000,110.0000,    117.058952,    118.706237,      0.145104
  0.4000,170.0000,130.0000,    135.128648,    135.804158,      0.145104
  0.4000,170.0000,150.0000,    152.745136,    152.902079,      0.145104
  0.4000,170.0000,170.0000,    169.999992,    170.000000,      0.145104
  0.5000, 20.0000, 20.0000,     20.000000,     20.000000,      0.226725
  0.5000, 20.0000, 30.0000,     27.397601,     27.732751,      0.226725
  0.5000, 20.0000, 40.0000,     34.379427,     35.465502,      0.226725
  0.5000, 20.0000, 50.0000,     41.144706,     43.198252,      0.226725
  0.5000, 20.0000, 70.0000,     54.340188,     58.663754,      0.226725
  0.5000, 20.0000, 90.0000,     67.306608,     74.129256,      0.226725
  0.5000, 20.0000,110.0000,     80.156061,     89.594757,      0.226725
  0.5000, 20.0000,130.0000,     92.937758,    105.060259,      0.226725
  0.5000, 20.0000,150.0000,    105.676700,    120.525760,      0.226725
  0.5000, 20.0000,170.0000,    118.386935,    135.991262,      0.226725
  0.5000, 30.0000, 20.0000,     21.899747,     22.267249,      0.226725
  0.5000, 30.0000, 30.0000,     30.000000,     30.000000,      0.226725
  0.5000, 30.0000, 40.0000,     37.490422,     37.732751,      0.226725
  0.5000, 30.0000, 50.0000,     44.636499,     45.465502,      0.226725
  0.5000, 30.0000, 70.0000,     58.360362,     60.931003,      0.226725
  0.5000, 30.0000, 90.0000,     71.674365,     76.396505,      0.226725
  0.5000, 30.0000,110.0000,     84.769270,     91.862006,      0.226725
  0.5000, 30.0000,130.0000,     97.733355,    107.327508,      0.226725
  0.5000, 30.0000,150.0000,    110.613090,    122.793010,      0.226725
  0.5000, 30.0000,170.0000,    123.435266,    138.258511,      0.226725
  0.5000, 40.0000, 20.0000,     23.269789,     24.534498,      0.226725
  0.5000, 40.0000, 30.0000,     32.008190,     32.267249,      0.226725
  0.5000, 40.0000, 40.0000,     40.000001,     40.000000,      0.226725
  0.5000, 40.0000, 50.0000,     47.543003,     47.732751,      0.226725
  0.5000, 40.0000, 70.0000,     61.848221,     63.198252,      0.226725
  0.5000, 40.0000, 90.0000,     75.564173,     78.663754,      0.226725
  0.5000, 40.0000,110.0000,     88.952336,     94.129256,      0.226725
  0.5000, 40.0000,130.0000,    102.139419,    109.594757,      0.226725
  0.5000, 40.0000,150.0000,    115.194279,    125.060259,      0.226725
  0.5000, 40.0000,170.0000,    128.157555,    140.525760,      0.226725
  0.5000, 50.0000, 20.0000,     24.304565,     26.801748,      0.226725
  0.5000, 50.0000, 30.0000,     33.604834,     34.534498,      0.226725
  0.5000, 50.0000, 40.0000,     42.067190,     42.267249,      0.226725
  0.5000, 50.0000, 50.0000,     50.000002,     50.000000,      0.226725
  0.5000, 50.0000, 70.0000,     64.902930,     65.465502,      0.226725
  0.5000, 50.0000, 90.0000,     79.050416,     80.931003,      0.226725
  0.5000, 50.0000,110.0000,     92.762743,     96.396505,      0.226725
  0.5000, 50.0000,130.0000,    106.201561,    111.862006,      0.226725
  0.5000, 50.0000,150.0000,    119.457275,    127.327508,      0.226725
  0.5000, 50.0000,170.0000,    132.584402,    142.793010,      0.226725
  0.5000, 70.0000, 20.0000,     25.763802,     31.336246,      0.226725
  0.5000, 70.0000, 30.0000,     35.983457,     39.068997,      0.226725
  0.5000, 70.0000, 40.0000,     45.272194,     46.801748,      0.226725
  0.5000, 70.0000, 50.0000,     53.926721,     54.534498,      0.226725
  0.5000, 70.0000, 70.0000,     70.000000,     70.000000,      0.226725
  0.5000, 70.0000, 90.0000,     85.039817,     85.465502,      0.226725
  0.5000, 70.0000,110.0000,     99.448489,    100.931003,      0.226725
  0.5000, 70.0000,130.0000,    113.443493,    116.396505,      0.226725
  0.5000, 70.0000,150.0000,    127.152683,    131.862006,      0.226725
  0.5000, 70.0000,170.0000,    140.656148,    147.327508,      0.226725
  0.5000, 90.0000, 20.0000,     26.743536,     35.870744,      0.226725
  0.5000, 90.0000, 30.0000,     37.670586,     43.603495,      0.226725
  0.5000, 90.0000, 40.0000,     47.641784,     51.336246,      0.226725
  0.5000, 90.0000, 50.0000,     56.925801,     59.068997,      0.226725
  0.5000, 90.0000, 70.0000,     74.082970,     74.534498,      0.226725
  0.5000, 90.0000, 90.0000,     89.999999,     90.000000,      0.226725
  0.5000, 90.0000,110.0000,    105.123163,    105.465502,      0.226725
  0.5000, 90.0000,130.0000,    119.707538,    120.931003,      0.226725
  0.5000, 90.0000,150.0000,    133.909496,    136.396505,      0.226725
  0.5000, 90.0000,170.0000,    147.830235,    151.862006,      0.226725
  0.5000,110.0000, 20.0000,     27.446761,     40.405243,      0.226725
  0.5000,110.0000, 30.0000,     38.929492,     48.137994,      0.226725
  0.5000,110.0000, 40.0000,     49.464937,     55.870744,      0.226725
  0.5000,110.0000, 50.0000,     59.291233,     63.603495,      0.226725
  0.5000,110.0000, 70.0000,     77.427105,     79.068997,      0.226725
  0.5000,110.0000, 90.0000,     94.175270,     94.534498,      0.226725
  0.5000,110.0000,110.0000,    110.000001,    110.000000,      0.226725
  0.5000,110.0000,130.0000,    125.179242,    125.465502,      0.226725
  0.5000,110.0000,150.0000,    139.889566,    140.931003,      0.226725
  0.5000,110.0000,170.0000,    154.248524,    156.396505,      0.226725
  0.5000,130.0000, 20.0000,     27.976060,     44.939741,      0.226725
  0.5000,130.0000, 30.0000,     39.904850,     52.672492,      0.226725
  0.5000,130.0000, 40.0000,     50.911129,     60.405243,      0.226725
  0.5000,130.0000, 50.0000,     61.204647,     68.137994,      0.226725
  0.5000,130.0000, 70.0000,     80.216311,     83.603495,      0.226725
  0.5000,130.0000, 90.0000,     97.738279,     99.068997,      0.226725
  0.5000,130.0000,110.0000,    114.236211,    114.534498,      0.226725
  0.5000,130.0000,130.0000,    130.000004,    130.000000,      0.226725
  0.5000,130.0000,150.0000,    145.219554,    145.465502,      0.226725
  0.5000,130.0000,170.0000,    160.024477,    160.931003,      0.226725
  0.5000,150.0000, 20.0000,     28.388856,     49.474240,      0.226725
  0.5000,150.0000, 30.0000,     40.682761,     57.206990,      0.226725
  0.5000,150.0000, 40.0000,     52.086318,     64.939741,      0.226725
  0.5000,150.0000, 50.0000,     62.784310,     72.672492,      0.226725
  0.5000,150.0000, 70.0000,     82.578134,     88.137994,      0.226725
  0.5000,150.0000, 90.0000,    100.814501,    103.603495,      0.226725
  0.5000,150.0000,110.0000,    117.950246,    119.068997,      0.226725
  0.5000,150.0000,130.0000,    134.279453,    134.534498,      0.226725
  0.5000,150.0000,150.0000,    149.999998,    150.000000,      0.226725
  0.5000,150.0000,170.0000,    165.249928,    165.465502,      0.226725
  0.5000,170.0000, 20.0000,     28.719800,     54.008738,      0.226725
  0.5000,170.0000, 30.0000,     41.317669,     61.741489,      0.226725
  0.5000,170.0000, 40.0000,     53.060154,     69.474240,      0.226725
  0.5000,170.0000, 50.0000,     64.110540,     77.206990,      0.226725
  0.5000,170.0000, 70.0000,     84.603815,     92.672492,      0.226725
  0.5000,170.0000, 90.0000,    103.497317,    108.137994,      0.226725
  0.5000,170.0000,110.0000,    121.233052,    123.603495,      0.226725
  0.5000,170.0000,130.0000,    138.103928,    139.068997,      0.226725
  0.5000,170.0000,150.0000,    154.311730,    154.534498,      0.226725
  0.5000,170.0000,170.0000,    169.999992,    170.000000,      0.226725
  0.6000, 20.0000, 20.0000,     20.000000,     20.000000,      0.326484
  0.6000, 20.0000, 30.0000,     26.322592,     26.735161,      0.326484
  0.6000, 20.0000, 40.0000,     32.148761,     33.470322,      0.326484
  0.6000, 20.0000, 50.0000,     37.726052,     40.205483,      0.326484
  0.6000, 20.0000, 70.0000,     48.506556,     53.675806,      0.326484
  0.6000, 20.0000, 90.0000,     59.037262,     67.146128,      0.326484
  0.6000, 20.0000,110.0000,     69.442896,     80.616450,      0.326484
  0.6000, 20.0000,130.0000,     79.776995,     94.086773,      0.326484
  0.6000, 20.0000,150.0000,     90.066356,    107.557095,      0.326484
  0.6000, 20.0000,170.0000,    100.325877,    121.027417,      0.326484
  0.6000, 30.0000, 20.0000,     22.794136,     23.264839,      0.326484
  0.6000, 30.0000, 30.0000,     30.000000,     30.000000,      0.326484
  0.6000, 30.0000, 40.0000,     36.435285,     36.735161,      0.326484
  0.6000, 30.0000, 50.0000,     42.454346,     43.470322,      0.326484
  0.6000, 30.0000, 70.0000,     53.829747,     56.940645,      0.326484
  0.6000, 30.0000, 90.0000,     64.741318,     70.410967,      0.326484
  0.6000, 30.0000,110.0000,     75.411260,     83.881289,      0.326484
  0.6000, 30.0000,130.0000,     85.939384,     97.351611,      0.326484
  0.6000, 30.0000,150.0000,     96.377184,    110.821934,      0.326484
  0.6000, 30.0000,170.0000,    106.753912,    124.292256,      0.326484
  0.6000, 40.0000, 20.0000,     24.884405,     26.529678,      0.326484
  0.6000, 40.0000, 30.0000,     32.935128,     33.264839,      0.326484
  0.6000, 40.0000, 40.0000,     40.000001,     40.000000,      0.326484
  0.6000, 40.0000, 50.0000,     46.499644,     46.735161,      0.326484
  0.6000, 40.0000, 70.0000,     58.554238,     60.205483,      0.326484
  0.6000, 40.0000, 90.0000,     69.920113,     73.675806,      0.326484
  0.6000, 40.0000,110.0000,     80.914348,     87.146128,      0.326484
  0.6000, 40.0000,130.0000,     91.685274,    100.616450,      0.326484
  0.6000, 40.0000,150.0000,    102.311553,    114.086773,      0.326484
  0.6000, 40.0000,170.0000,    112.838783,    127.557095,      0.326484
  0.6000, 50.0000, 20.0000,     26.507036,     29.794517,      0.326484
  0.6000, 50.0000, 30.0000,     35.332140,     36.529678,      0.326484
  0.6000, 50.0000, 40.0000,     43.011098,     43.264839,      0.326484
  0.6000, 50.0000, 50.0000,     50.000002,     50.000000,      0.326484
  0.6000, 50.0000, 70.0000,     62.775691,     63.470322,      0.326484
  0.6000, 50.0000, 90.0000,     74.643040,     76.940645,      0.326484
  0.6000, 50.0000,110.0000,     86.004557,     90.410967,      0.326484
  0.6000, 50.0000,130.0000,     97.055536,    103.881289,      0.326484
  0.6000, 50.0000,150.0000,    107.902197,    117.351611,      0.326484
  0.6000, 50.0000,170.0000,    118.607275,    130.821934,      0.326484
  0.6000, 70.0000, 20.0000,     28.862364,     36.324194,      0.326484
  0.6000, 70.0000, 30.0000,     39.012084,     43.059355,      0.326484
  0.6000, 70.0000, 40.0000,     47.819024,     49.794517,      0.326484
  0.6000, 70.0000, 50.0000,     55.754114,     56.529678,      0.326484
  0.6000, 70.0000, 70.0000,     70.000000,     70.000000,      0.326484
  0.6000, 70.0000, 90.0000,     82.942659,     83.470322,      0.326484
  0.6000, 70.0000,110.0000,     95.119302,     96.940645,      0.326484
  0.6000, 70.0000,130.0000,    106.807537,    110.410967,      0.326484
  0.6000, 70.0000,150.0000,    118.165284,    123.881289,      0.326484
  0.6000, 70.0000,170.0000,    129.289004,    137.351611,      0.326484
  0.6000, 90.0000, 20.0000,     30.489619,     42.853872,      0.326484
  0.6000, 90.0000, 30.0000,     41.704766,     49.589033,      0.326484
  0.6000, 90.0000, 40.0000,     51.487571,     56.324194,      0.326484
  0.6000, 90.0000, 50.0000,     60.287087,     63.059355,      0.326484
  0.6000, 90.0000, 70.0000,     75.956126,     76.529678,      0.326484
  0.6000, 90.0000, 90.0000,     89.999999,     90.000000,      0.326484
  0.6000, 90.0000,110.0000,    103.044951,    103.470322,      0.326484
  0.6000, 90.0000,130.0000,    115.432076,    116.940645,      0.326484
  0.6000, 90.0000,150.0000,    127.363039,    130.410967,      0.326484
  0.6000, 90.0000,170.0000,    138.964716,    143.881289,      0.326484
  0.6000,110.0000, 20.0000,     31.681203,     49.383550,      0.326484
  0.6000,110.0000, 30.0000,     43.760503,     56.118711,      0.326484
  0.6000,110.0000, 40.0000,     54.378865,     62.853872,      0.326484
  0.6000,110.0000, 50.0000,     63.950383,     69.589033,      0.326484
  0.6000,110.0000, 70.0000,     80.951097,     83.059355,      0.326484
  0.6000,110.0000, 90.0000,     96.074607,     96.529678,      0.326484
  0.6000,110.0000,110.0000,    110.000001,    110.000000,      0.326484
  0.6000,110.0000,130.0000,    123.114047,    123.470322,      0.326484
  0.6000,110.0000,150.0000,    135.653211,    136.940645,      0.326484
  0.6000,110.0000,170.0000,    147.770197,    150.410967,      0.326484
  0.6000,130.0000, 20.0000,     32.591426,     55.913227,      0.326484
  0.6000,130.0000, 30.0000,     45.381397,     62.648389,      0.326484
  0.6000,130.0000, 40.0000,     56.716268,     69.383550,      0.326484
  0.6000,130.0000, 50.0000,     66.972385,     76.118711,      0.326484
  0.6000,130.0000, 70.0000,     85.200220,     89.589033,      0.326484
  0.6000,130.0000, 90.0000,    101.358413,    103.059355,      0.326484
  0.6000,130.0000,110.0000,    116.152489,    116.529678,      0.326484
  0.6000,130.0000,130.0000,    130.000004,    130.000000,      0.326484
  0.6000,130.0000,150.0000,    143.163852,    143.470322,      0.326484
  0.6000,130.0000,170.0000,    155.817835,    156.940645,      0.326484
  0.6000,150.0000, 20.0000,     33.309420,     62.442905,      0.326484
  0.6000,150.0000, 30.0000,     46.692225,     69.178066,      0.326484
  0.6000,150.0000, 40.0000,     58.645036,     75.913227,      0.326484
  0.6000,150.0000, 50.0000,     69.507943,     82.648389,      0.326484
  0.6000,150.0000, 70.0000,     88.858955,     96.118711,      0.326484
  0.6000,150.0000, 90.0000,    105.996421,    109.589033,      0.326484
  0.6000,150.0000,110.0000,    121.633775,    123.059355,      0.326484
  0.6000,150.0000,130.0000,    136.207589,    136.529678,      0.326484
  0.6000,150.0000,150.0000,    149.999998,    150.000000,      0.326484
  0.6000,150.0000,170.0000,    163.201454,    163.470322,      0.326484
  0.6000,170.0000, 20.0000,     33.890264,     68.972583,      0.326484
  0.6000,170.0000, 30.0000,     47.774191,     75.707744,      0.326484
  0.6000,170.0000, 40.0000,     60.263715,     82.442905,      0.326484
  0.6000,170.0000, 50.0000,     71.665764,     89.178066,      0.326484
  0.6000,170.0000, 70.0000,     92.042362,    102.648389,      0.326484
  0.6000,170.0000, 90.0000,    110.100217,    116.118711,      0.326484
  0.6000,170.0000,110.0000,    126.548026,    129.589033,      0.326484
  0.6000,170.0000,130.0000,    141.832366,    143.059355,      0.326484
  0.6000,170.0000,150.0000,    156.248627,    156.529678,      0.326484
  0.6000,170.0000,170.0000,    169.999992,    170.000000,      0.326484
  0.7000, 20.0000, 20.0000,     20.000000,     20.000000,      0.444381
  0.7000, 20.0000, 30.0000,     25.102812,     25.556192,      0.444381
  0.7000, 20.0000, 40.0000,     29.678613,     31.112383,      0.444381
  0.7000, 20.0000, 50.0000,     34.001243,     36.668575,      0.444381
  0.7000, 20.0000, 70.0000,     42.277726,     47.780958,      0.444381
  0.7000, 20.0000, 90.0000,     50.313973,     58.893341,      0.444381
  0.7000, 20.0000,110.0000,     58.232365,     70.005724,      0.444381
  0.7000, 20.0000,130.0000,     66.084219,     81.118107,      0.444381
  0.7000, 20.0000,150.0000,     73.894836,     92.230490,      0.444381
  0.7000, 20.0000,170.0000,     81.678130,    103.342873,      0.444381
  0.7000, 30.0000, 20.0000,     23.901740,     24.443808,      0.444381
  0.7000, 30.0000, 30.0000,     30.000000,     30.000000,      0.444381
  0.7000, 30.0000, 40.0000,     35.224696,     35.556192,      0.444381
  0.7000, 30.0000, 50.0000,     40.001434,     41.112383,      0.444381
  0.7000, 30.0000, 70.0000,     48.869821,     52.224766,      0.444381
  0.7000, 30.0000, 90.0000,     57.274210,     63.337149,      0.444381
  0.7000, 30.0000,110.0000,     65.443477,     74.449532,      0.444381
  0.7000, 30.0000,130.0000,     73.477207,     85.561916,      0.444381
  0.7000, 30.0000,150.0000,     81.425701,     96.674299,      0.444381
  0.7000, 30.0000,170.0000,     89.317106,    107.786682,      0.444381
  0.7000, 40.0000, 20.0000,     26.955548,     28.887617,      0.444381
  0.7000, 40.0000, 30.0000,     34.067033,     34.443808,      0.444381
  0.7000, 40.0000, 40.0000,     40.000001,     40.000000,      0.444381
  0.7000, 40.0000, 50.0000,     45.294950,     45.556192,      0.444381
  0.7000, 40.0000, 70.0000,     54.866928,     56.668575,      0.444381
  0.7000, 40.0000, 90.0000,     63.725150,     67.780958,      0.444381
  0.7000, 40.0000,110.0000,     72.210888,     78.893341,      0.444381
  0.7000, 40.0000,130.0000,     80.477729,     90.005724,      0.444381
  0.7000, 40.0000,150.0000,     88.605016,    101.118107,      0.444381
  0.7000, 40.0000,170.0000,     96.637874,    112.230490,      0.444381
  0.7000, 50.0000, 20.0000,     29.410891,     33.331425,      0.444381
  0.7000, 50.0000, 30.0000,     37.498741,     38.887617,      0.444381
  0.7000, 50.0000, 40.0000,     44.155052,     44.443808,      0.444381
  0.7000, 50.0000, 50.0000,     50.000002,     50.000000,      0.444381
  0.7000, 50.0000, 70.0000,     60.346426,     61.112383,      0.444381
  0.7000, 50.0000, 90.0000,     69.720990,     72.224766,      0.444381
  0.7000, 50.0000,110.0000,     78.574565,     83.337149,      0.444381
  0.7000, 50.0000,130.0000,     87.116438,     94.449532,      0.444381
  0.7000, 50.0000,150.0000,     95.457017,    105.561916,      0.444381
  0.7000, 50.0000,170.0000,    103.660068,    116.674299,      0.444381
  0.7000, 70.0000, 20.0000,     33.114756,     42.219042,      0.444381
  0.7000, 70.0000, 30.0000,     42.971561,     47.775234,      0.444381
  0.7000, 70.0000, 40.0000,     51.032702,     53.331425,      0.444381
  0.7000, 70.0000, 50.0000,     57.998522,     58.887617,      0.444381
  0.7000, 70.0000, 70.0000,     70.000000,     70.000000,      0.444381
  0.7000, 70.0000, 90.0000,     80.527967,     81.112383,      0.444381
  0.7000, 70.0000,110.0000,     90.227713,     92.224766,      0.444381
  0.7000, 70.0000,130.0000,     99.415660,    103.337149,      0.444381
  0.7000, 70.0000,150.0000,    108.265220,    114.449532,      0.444381
  0.7000, 70.0000,170.0000,    116.879397,    125.561916,      0.444381
  0.7000, 90.0000, 20.0000,     35.775917,     51.106659,      0.444381
  0.7000, 90.0000, 30.0000,     47.142083,     56.662851,      0.444381
  0.7000, 90.0000, 40.0000,     56.492920,     62.219042,      0.444381
  0.7000, 90.0000, 50.0000,     64.543167,     67.775234,      0.444381
  0.7000, 90.0000, 70.0000,     78.233734,     78.887617,      0.444381
  0.7000, 90.0000, 90.0000,     89.999999,     90.000000,      0.444381
  0.7000, 90.0000,110.0000,    100.639972,    101.112383,      0.444381
  0.7000, 90.0000,130.0000,    110.563896,    112.224766,      0.444381
  0.7000, 90.0000,150.0000,    120.004301,    123.337149,      0.444381
  0.7000, 90.0000,170.0000,    129.102846,    134.449532,      0.444381
  0.7000,110.0000, 20.0000,     37.780399,     59.994276,      0.444381
  0.7000,110.0000, 30.0000,     50.425828,     65.550468,      0.444381
  0.7000,110.0000, 40.0000,     60.933139,     71.106659,      0.444381
  0.7000,110.0000, 50.0000,     69.997570,     76.662851,      0.444381
  0.7000,110.0000, 70.0000,     85.339787,     87.775234,      0.444381
  0.7000,110.0000, 90.0000,     98.370492,     98.887617,      0.444381
  0.7000,110.0000,110.0000,    110.000001,    110.000000,      0.444381
  0.7000,110.0000,130.0000,    120.715971,    121.112383,      0.444381
  0.7000,110.0000,150.0000,    130.803233,    132.224766,      0.444381
  0.7000,110.0000,170.0000,    140.439323,    143.337149,      0.444381
  0.7000,130.0000, 20.0000,     39.344588,     68.881893,      0.444381
  0.7000,130.0000, 30.0000,     53.078494,     74.438084,      0.444381
  0.7000,130.0000, 40.0000,     64.614839,     79.994276,      0.444381
  0.7000,130.0000, 50.0000,     74.613337,     85.550468,      0.444381
  0.7000,130.0000, 70.0000,     91.535177,     96.662851,      0.444381
  0.7000,130.0000, 90.0000,    105.821290,    107.775234,      0.444381
  0.7000,130.0000,110.0000,    118.459914,    118.887617,      0.444381
  0.7000,130.0000,130.0000,    130.000004,    130.000000,      0.444381
  0.7000,130.0000,150.0000,    140.770922,    141.112383,      0.444381
  0.7000,130.0000,170.0000,    150.982306,    152.224766,      0.444381
  0.7000,150.0000, 20.0000,     40.599203,     77.769510,      0.444381
  0.7000,150.0000, 30.0000,     55.266076,     83.325701,      0.444381
  0.7000,150.0000, 40.0000,     67.717132,     88.881893,      0.444381
  0.7000,150.0000, 50.0000,     78.570138,     94.438084,      0.444381
  0.7000,150.0000, 70.0000,     96.984529,    105.550468,      0.444381
  0.7000,150.0000, 90.0000,    112.496224,    116.662851,      0.444381
  0.7000,150.0000,110.0000,    126.143779,    127.775234,      0.444381
  0.7000,150.0000,130.0000,    138.522951,    138.887617,      0.444381
  0.7000,150.0000,150.0000,    149.999998,    150.000000,      0.444381
  0.7000,150.0000,170.0000,    160.812505,    161.112383,      0.444381
  0.7000,170.0000, 20.0000,     41.627876,     86.657127,      0.444381
  0.7000,170.0000, 30.0000,     57.101040,     92.213318,      0.444381
  0.7000,170.0000, 40.0000,     70.366837,     97.769510,      0.444381
  0.7000,170.0000, 50.0000,     81.999722,    103.325701,      0.444381
  0.7000,170.0000, 70.0000,    101.815010,    114.438084,      0.444381
  0.7000,170.0000, 90.0000,    118.510580,    125.550468,      0.444381
  0.7000,170.0000,110.0000,    133.153812,    136.662851,      0.444381
  0.7000,170.0000,130.0000,    146.374862,    147.775234,      0.444381
  0.7000,170.0000,150.0000,    158.569780,    158.887617,      0.444381
  0.7000,170.0000,170.0000,    169.999992,    170.000000,      0.444381
  0.8000, 20.0000, 20.0000,     20.000000,     20.000000,      0.580416
  0.8000, 20.0000, 30.0000,     23.758952,     24.195842,      0.580416
  0.8000, 20.0000, 40.0000,     27.028172,     28.391684,      0.580416
  0.8000, 20.0000, 50.0000,     30.072161,     32.587526,      0.580416
  0.8000, 20.0000, 70.0000,     35.841730,     40.979210,      0.580416
  0.8000, 20.0000, 90.0000,     41.408469,     49.370894,      0.580416
  0.8000, 20.0000,110.0000,     46.877447,     57.762578,      0.580416
  0.8000, 20.0000,130.0000,     52.291821,     66.154262,      0.580416
  0.8000, 20.0000,150.0000,     57.672596,     74.545946,      0.580416
  0.8000, 20.0000,170.0000,     63.031225,     82.937631,      0.580416
  0.8000, 30.0000, 20.0000,     25.253673,     25.804158,      0.580416
  0.8000, 30.0000, 30.0000,     30.000000,     30.000000,      0.580416
  0.8000, 30.0000, 40.0000,     33.874402,     34.195842,      0.580416
  0.8000, 30.0000, 50.0000,     37.326650,     38.391684,      0.580416
  0.8000, 30.0000, 70.0000,     43.611820,     46.783368,      0.580416
  0.8000, 30.0000, 90.0000,     49.490792,     55.175052,      0.580416
  0.8000, 30.0000,110.0000,     55.169178,     63.566736,      0.580416
  0.8000, 30.0000,130.0000,     60.733770,     71.958420,      0.580416
  0.8000, 30.0000,150.0000,     66.227575,     80.350104,      0.580416
  0.8000, 30.0000,170.0000,     71.674339,     88.741788,      0.580416
  0.8000, 40.0000, 20.0000,     29.598857,     31.608316,      0.580416
  0.8000, 40.0000, 30.0000,     35.425003,     35.804158,      0.580416
  0.8000, 40.0000, 40.0000,     40.000001,     40.000000,      0.580416
  0.8000, 40.0000, 50.0000,     43.941598,     44.195842,      0.580416
  0.8000, 40.0000, 70.0000,     50.864238,     52.587526,      0.580416
  0.8000, 40.0000, 90.0000,     57.139954,     60.979210,      0.580416
  0.8000, 40.0000,110.0000,     63.089039,     69.370894,      0.580416
  0.8000, 40.0000,130.0000,     68.850136,     77.762578,      0.580416
  0.8000, 40.0000,150.0000,     74.493093,     86.154262,      0.580416
  0.8000, 40.0000,170.0000,     80.056942,     94.545946,      0.580416
  0.8000, 50.0000, 20.0000,     33.253560,     37.412474,      0.580416
  0.8000, 50.0000, 30.0000,     40.185850,     41.608316,      0.580416
  0.8000, 50.0000, 40.0000,     45.514977,     45.804158,      0.580416
  0.8000, 50.0000, 50.0000,     50.000002,     50.000000,      0.580416
  0.8000, 50.0000, 70.0000,     57.650927,     58.391684,      0.580416
  0.8000, 50.0000, 90.0000,     64.391520,     66.783368,      0.580416
  0.8000, 50.0000,110.0000,     70.662922,     75.175052,      0.580416
  0.8000, 50.0000,130.0000,     76.660622,     83.566736,      0.580416
  0.8000, 50.0000,150.0000,     82.484654,     91.958420,      0.580416
  0.8000, 50.0000,170.0000,     88.191553,    100.350104,      0.580416
  0.8000, 70.0000, 20.0000,     39.061055,     49.020790,      0.580416
  0.8000, 70.0000, 30.0000,     48.152350,     53.216632,      0.580416
  0.8000, 70.0000, 40.0000,     55.048637,     57.412474,      0.580416
  0.8000, 70.0000, 50.0000,     60.710268,     61.608316,      0.580416
  0.8000, 70.0000, 70.0000,     70.000000,     70.000000,      0.580416
  0.8000, 70.0000, 90.0000,     77.823840,     78.391684,      0.580416
  0.8000, 70.0000,110.0000,     84.863421,     86.783368,      0.580416
  0.8000, 70.0000,130.0000,     91.434018,     95.175052,      0.580416
  0.8000, 70.0000,150.0000,     97.701694,    103.566736,      0.580416
  0.8000, 70.0000,170.0000,    103.762293,    111.958420,      0.580416
  0.8000, 90.0000, 20.0000,     43.470035,     60.629106,      0.580416
  0.8000, 90.0000, 30.0000,     54.556089,     64.824948,      0.580416
  0.8000, 90.0000, 40.0000,     63.003521,     69.020790,      0.580416
  0.8000, 90.0000, 50.0000,     69.885170,     73.216632,      0.580416
  0.8000, 90.0000, 70.0000,     80.952099,     81.608316,      0.580416
  0.8000, 90.0000, 90.0000,     89.999999,     90.000000,      0.580416
  0.8000, 90.0000,110.0000,     97.931322,     98.391684,      0.580416
  0.8000, 90.0000,130.0000,    105.179789,    106.783368,      0.580416
  0.8000, 90.0000,150.0000,    111.979949,    115.175052,      0.580416
  0.8000, 90.0000,170.0000,    118.469823,    123.566736,      0.580416
  0.8000,110.0000, 20.0000,     46.931761,     72.237422,      0.580416
  0.8000,110.0000, 30.0000,     59.816726,     76.433264,      0.580416
  0.8000,110.0000, 40.0000,     69.743237,     80.629106,      0.580416
  0.8000,110.0000, 50.0000,     77.834688,     84.824948,      0.580416
  0.8000,110.0000, 70.0000,     90.734177,     93.216632,      0.580416
  0.8000,110.0000, 90.0000,    101.091285,    101.608316,      0.580416
  0.8000,110.0000,110.0000,    110.000001,    110.000000,      0.580416
  0.8000,110.0000,130.0000,    118.004605,    118.391684,      0.580416
  0.8000,110.0000,150.0000,    125.406653,    126.783368,      0.580416
  0.8000,110.0000,170.0000,    132.386812,    135.175052,      0.580416
  0.8000,130.0000, 20.0000,     49.722038,     83.845738,      0.580416
  0.8000,130.0000, 30.0000,     64.215631,     88.041580,      0.580416
  0.8000,130.0000, 40.0000,     75.527121,     92.237422,      0.580416
  0.8000,130.0000, 50.0000,     84.789879,     96.433264,      0.580416
  0.8000,130.0000, 70.0000,     99.525622,    104.824948,      0.580416
  0.8000,130.0000, 90.0000,    111.238222,    113.216632,      0.580416
  0.8000,130.0000,110.0000,    121.181739,    121.608316,      0.580416
  0.8000,130.0000,130.0000,    130.000004,    130.000000,      0.580416
  0.8000,130.0000,150.0000,    138.057772,    138.391684,      0.580416
  0.8000,130.0000,170.0000,    145.577293,    146.783368,      0.580416
  0.8000,150.0000, 20.0000,     52.019014,     95.454054,      0.580416
  0.8000,150.0000, 30.0000,     67.948690,     99.649896,      0.580416
  0.8000,150.0000, 40.0000,     80.545375,    103.845738,      0.580416
  0.8000,150.0000, 50.0000,     90.926816,    108.041580,      0.580416
  0.8000,150.0000, 70.0000,    107.470475,    116.433264,      0.580416
  0.8000,150.0000, 90.0000,    120.557549,    124.824948,      0.580416
  0.8000,150.0000,110.0000,    131.572069,    133.216632,      0.580416
  0.8000,150.0000,130.0000,    141.245241,    141.608316,      0.580416
  0.8000,150.0000,150.0000,    149.999998,    150.000000,      0.580416
  0.8000,150.0000,170.0000,    158.098105,    158.391684,      0.580416
  0.8000,170.0000, 20.0000,     53.942913,    107.062369,      0.580416
  0.8000,170.0000, 30.0000,     71.156539,    111.258212,      0.580416
  0.8000,170.0000, 40.0000,     84.940765,    115.454054,      0.580416
  0.8000,170.0000, 50.0000,     96.382154,    119.649896,      0.580416
  0.8000,170.0000, 70.0000,    114.685897,    128.041580,      0.580416
  0.8000,170.0000, 90.0000,    129.147224,    136.433264,      0.580416
  0.8000,170.0000,110.0000,    141.252955,    144.824948,      0.580416
  0.8000,170.0000,130.0000,    151.809478,    153.216632,      0.580416
  0.8000,170.0000,150.0000,    161.292276,    161.608316,      0.580416
  0.8000,170.0000,170.0000,    169.999992,    170.000000,      0.580416
  0.9000, 20.0000, 20.0000,     20.000000,     20.000000,      0.734589
  0.9000, 20.0000, 30.0000,     22.311042,     22.654113,      0.734589
  0.9000, 20.0000, 40.0000,     24.247585,     25.308225,      0.734589
  0.9000, 20.0000, 50.0000,     26.016206,     27.962338,      0.734589
  0.9000, 20.0000, 70.0000,     29.318327,     33.270563,      0.734589
  0.9000, 20.0000, 90.0000,     32.470904,     38.578788,      0.734589
  0.9000, 20.0000,110.0000,     35.551165,     43.887013,      0.734589
  0.9000, 20.0000,130.0000,     38.590843,     49.195238,      0.734589
  0.9000, 20.0000,150.0000,     41.605432,     54.503463,      0.734589
  0.9000, 20.0000,170.0000,     44.603416,     59.811689,      0.734589
  0.9000, 30.0000, 20.0000,     26.892539,     27.345887,      0.734589
  0.9000, 30.0000, 30.0000,     30.000000,     30.000000,      0.734589
  0.9000, 30.0000, 40.0000,     32.400472,     32.654113,      0.734589
  0.9000, 30.0000, 50.0000,     34.475097,     35.308225,      0.734589
  0.9000, 30.0000, 70.0000,     38.158927,     40.616450,      0.734589
  0.9000, 30.0000, 90.0000,     41.541709,     45.924675,      0.734589
  0.9000, 30.0000,110.0000,     44.776630,     51.232901,      0.734589
  0.9000, 30.0000,130.0000,     47.927630,     56.541126,      0.734589
  0.9000, 30.0000,150.0000,     51.026295,     61.849351,      0.734589
  0.9000, 30.0000,170.0000,     54.090075,     67.157576,      0.734589
  0.9000, 40.0000, 20.0000,     32.993068,     34.691775,      0.734589
  0.9000, 40.0000, 30.0000,     37.036515,     37.345887,      0.734589
  0.9000, 40.0000, 40.0000,     40.000001,     40.000000,      0.734589
  0.9000, 40.0000, 50.0000,     42.452904,     42.654113,      0.734589
  0.9000, 40.0000, 70.0000,     46.616473,     47.962338,      0.734589
  0.9000, 40.0000, 90.0000,     50.293130,     53.270563,      0.734589
  0.9000, 40.0000,110.0000,     53.727648,     58.578788,      0.734589
  0.9000, 40.0000,130.0000,     57.023517,     63.887013,      0.734589
  0.9000, 40.0000,150.0000,     60.232327,     69.195238,      0.734589
  0.9000, 40.0000,170.0000,     63.382781,     74.503463,      0.734589
  0.9000, 50.0000, 20.0000,     38.437762,     42.037662,      0.734589
  0.9000, 50.0000, 30.0000,     43.509733,     44.691775,      0.734589
  0.9000, 50.0000, 40.0000,     47.111043,     47.345887,      0.734589
  0.9000, 50.0000, 50.0000,     50.000002,     50.000000,      0.734589
  0.9000, 50.0000, 70.0000,     54.724930,     55.308225,      0.734589
  0.9000, 50.0000, 90.0000,     58.750122,     60.616450,      0.734589
  0.9000, 50.0000,110.0000,     62.423508,     65.924675,      0.734589
  0.9000, 50.0000,130.0000,     65.893932,     71.232901,      0.734589
  0.9000, 50.0000,150.0000,     69.236182,     76.541126,      0.734589
  0.9000, 50.0000,170.0000,     72.492116,     81.849351,      0.734589
  0.9000, 70.0000, 20.0000,     47.752110,     56.729437,      0.734589
  0.9000, 70.0000, 30.0000,     55.033217,     59.383550,      0.734589
  0.9000, 70.0000, 40.0000,     60.064713,     62.037662,      0.734589
  0.9000, 70.0000, 50.0000,     63.956268,     64.691775,      0.734589
  0.9000, 70.0000, 70.0000,     70.000000,     70.000000,      0.734589
  0.9000, 70.0000, 90.0000,     74.859422,     75.308225,      0.734589
  0.9000, 70.0000,110.0000,     79.111432,     80.616450,      0.734589
  0.9000, 70.0000,130.0000,     83.008394,     85.924675,      0.734589
  0.9000, 70.0000,150.0000,     86.678957,     91.232901,      0.734589
  0.9000, 70.0000,170.0000,     90.195884,     96.541126,      0.734589
  0.9000, 90.0000, 20.0000,     55.434905,     71.421212,      0.734589
  0.9000, 90.0000, 30.0000,     64.995353,     74.075325,      0.734589
  0.9000, 90.0000, 40.0000,     71.580621,     76.729437,      0.734589
  0.9000, 90.0000, 50.0000,     76.595738,     79.383550,      0.734589
  0.9000, 90.0000, 70.0000,     84.157774,     84.691775,      0.734589
  0.9000, 90.0000, 90.0000,     89.999999,     90.000000,      0.734589
  0.9000, 90.0000,110.0000,     94.943504,     95.308225,      0.734589
  0.9000, 90.0000,130.0000,     99.355357,    100.616450,      0.734589
  0.9000, 90.0000,150.0000,    103.425291,    105.924675,      0.734589
  0.9000, 90.0000,170.0000,    107.261668,    111.232901,      0.734589
  0.9000,110.0000, 20.0000,     61.883559,     86.112987,      0.734589
  0.9000,110.0000, 30.0000,     73.699834,     88.767099,      0.734589
  0.9000,110.0000, 40.0000,     81.894990,     91.421212,      0.734589
  0.9000,110.0000, 50.0000,     88.108144,     94.075325,      0.734589
  0.9000,110.0000, 70.0000,     97.331181,     99.383550,      0.734589
  0.9000,110.0000, 90.0000,    104.272562,    104.691775,      0.734589
  0.9000,110.0000,110.0000,    110.000001,    110.000000,      0.734589
  0.9000,110.0000,130.0000,    115.001052,    115.308225,      0.734589
  0.9000,110.0000,150.0000,    119.531177,    120.616450,      0.734589
  0.9000,110.0000,170.0000,    123.737670,    125.924675,      0.734589
  0.9000,130.0000, 20.0000,     67.374665,    100.804762,      0.734589
  0.9000,130.0000, 30.0000,     81.373613,    103.458874,      0.734589
  0.9000,130.0000, 40.0000,     91.191143,    106.112987,      0.734589
  0.9000,130.0000, 50.0000,     98.643883,    108.767099,      0.734589
  0.9000,130.0000, 70.0000,    109.627709,    114.075325,      0.734589
  0.9000,130.0000, 90.0000,    117.759219,    119.383550,      0.734589
  0.9000,130.0000,110.0000,    124.346708,    124.691775,      0.734589
  0.9000,130.0000,130.0000,    130.000004,    130.000000,      0.734589
  0.9000,130.0000,150.0000,    135.042919,    135.308225,      0.734589
  0.9000,130.0000,170.0000,    139.663944,    140.616450,      0.734589
  0.9000,150.0000, 20.0000,     72.107378,    115.496537,      0.734589
  0.9000,150.0000, 30.0000,     88.191008,    118.150649,      0.734589
  0.9000,150.0000, 40.0000,     99.615221,    120.804762,      0.734589
  0.9000,150.0000, 50.0000,    108.325589,    123.458874,      0.734589
  0.9000,150.0000, 70.0000,    121.137069,    128.767099,      0.734589
  0.9000,150.0000, 90.0000,    130.529199,    134.075325,      0.734589
  0.9000,150.0000,110.0000,    138.039378,    139.383550,      0.734589
  0.9000,150.0000,130.0000,    144.398555,    144.691775,      0.734589
  0.9000,150.0000,150.0000,    149.999998,    150.000000,      0.734589
  0.9000,150.0000,170.0000,    155.074745,    155.308225,      0.734589
  0.9000,170.0000, 20.0000,     76.228982,    130.188311,      0.734589
  0.9000,170.0000, 30.0000,     94.288609,    132.842424,      0.734589
  0.9000,170.0000, 40.0000,    107.285850,    135.496537,      0.734589
  0.9000,170.0000, 50.0000,    117.255090,    138.150649,      0.734589
  0.9000,170.0000, 70.0000,    131.935654,    143.458874,      0.734589
  0.9000,170.0000, 90.0000,    142.642156,    148.767099,      0.734589
  0.9000,170.0000,110.0000,    151.126335,    154.075325,      0.734589
  0.9000,170.0000,130.0000,    158.237041,    159.383550,      0.734589
  0.9000,170.0000,150.0000,    164.436848,    164.691775,      0.734589
  0.9000,170.0000,170.0000,    169.999992,    170.000000,      0.734589
